Feedback,Label
Lecture halls are equipped but not used effectively.,Academics
The canteen menu lacks healthy options.,Facilities
Grievance redressal system is ineffective.,Administration
The lectures lack real-world examples and practical relevance.,Academics
There are not enough books in the library.,Facilities
Orientation for new students was poorly planned.,Administration
Online classes are disorganized and poorly managed.,Academics
The campus infrastructure needs modernization.,Facilities
The exam registration portal crashes frequently.,Administration
Academic staff are supportive and available for doubt-solving.,Academics
The hostel food is not hygienic and repetitive.,Facilities
No proper information is given about holidays and schedules.,Administration
The lectures lack real-world examples and practical relevance.,Academics
The hostel food is not hygienic and repetitive.,Facilities
There is no communication about fees deadlines.,Administration
Lectures are well structured and easy to understand.,Academics
Library hours are too limited for serious study.,Facilities
Orientation for new students was poorly planned.,Administration
Professors are always late to class which affects the schedule.,Academics
Labs are clean but lack updated equipment.,Facilities
Too much delay in issuing certificates.,Administration
The syllabus is outdated and needs revision.,Academics
Labs are clean but lack updated equipment.,Facilities
Admin staff are uncooperative and rude.,Administration
Professors are always late to class which affects the schedule.,Academics
The canteen menu lacks healthy options.,Facilities
There is no communication about fees deadlines.,Administration
Professors are always late to class which affects the schedule.,Academics
The hostel food is not hygienic and repetitive.,Facilities
The exam registration portal crashes frequently.,Administration
Academic staff are supportive and available for doubt-solving.,Academics
The hostel food is not hygienic and repetitive.,Facilities
Admin office rarely responds to student queries on time.,Administration
The lectures lack real-world examples and practical relevance.,Academics
Washrooms are unclean and poorly maintained.,Facilities
Too much delay in issuing certificates.,Administration
Professors are always late to class which affects the schedule.,Academics
Labs are clean but lack updated equipment.,Facilities
Admin office rarely responds to student queries on time.,Administration
Assignment load is high and affects conceptual clarity.,Academics
The campus infrastructure needs modernization.,Facilities
Grievance redressal system is ineffective.,Administration
Lecture halls are equipped but not used effectively.,Academics
The hostel food is not hygienic and repetitive.,Facilities
Too much delay in issuing certificates.,Administration
Academic staff are supportive and available for doubt-solving.,Academics
There are not enough books in the library.,Facilities
Admin office rarely responds to student queries on time.,Administration
Professors are always late to class which affects the schedule.,Academics
The canteen menu lacks healthy options.,Facilities
Admin staff are uncooperative and rude.,Administration
The syllabus is outdated and needs revision.,Academics
Labs are clean but lack updated equipment.,Facilities
Too much delay in issuing certificates.,Administration
The lectures lack real-world examples and practical relevance.,Academics
Washrooms are unclean and poorly maintained.,Facilities
The exam registration portal crashes frequently.,Administration
The teaching style is very interactive and engaging.,Academics
Labs are clean but lack updated equipment.,Facilities
Too much delay in issuing certificates.,Administration
The lectures lack real-world examples and practical relevance.,Academics
The hostel food is not hygienic and repetitive.,Facilities
Administrative processes are very slow and outdated.,Administration
The teaching style is very interactive and engaging.,Academics
The hostel food is not hygienic and repetitive.,Facilities
No proper information is given about holidays and schedules.,Administration
Professors are always late to class which affects the schedule.,Academics
Washrooms are unclean and poorly maintained.,Facilities
Getting documents signed takes forever.,Administration
Assignment load is high and affects conceptual clarity.,Academics
There are not enough books in the library.,Facilities
Administrative processes are very slow and outdated.,Administration
Professors are always late to class which affects the schedule.,Academics
There are not enough books in the library.,Facilities
The exam registration portal crashes frequently.,Administration
Online classes are disorganized and poorly managed.,Academics
There are not enough books in the library.,Facilities
Administrative processes are very slow and outdated.,Administration
The lectures lack real-world examples and practical relevance.,Academics
There are not enough books in the library.,Facilities
Grievance redressal system is ineffective.,Administration
Assignment load is high and affects conceptual clarity.,Academics
The sports facilities are well maintained and accessible.,Facilities
Grievance redressal system is ineffective.,Administration
The syllabus is outdated and needs revision.,Academics
The AC in the classrooms is often not working.,Facilities
Too much delay in issuing certificates.,Administration
Academic staff are supportive and available for doubt-solving.,Academics
The campus infrastructure needs modernization.,Facilities
Too much delay in issuing certificates.,Administration
The exam paper was poorly set and out of syllabus.,Academics
The sports facilities are well maintained and accessible.,Facilities
Too much delay in issuing certificates.,Administration
Online classes are disorganized and poorly managed.,Academics
Washrooms are unclean and poorly maintained.,Facilities
Admin staff are uncooperative and rude.,Administration
Assignment load is high and affects conceptual clarity.,Academics
The canteen menu lacks healthy options.,Facilities
No proper information is given about holidays and schedules.,Administration
Assignment load is high and affects conceptual clarity.,Academics
Wi-Fi in the campus is very poor.,Facilities
Administrative processes are very slow and outdated.,Administration
Lectures are well structured and easy to understand.,Academics
There are not enough books in the library.,Facilities
Admin staff are uncooperative and rude.,Administration
Lecture halls are equipped but not used effectively.,Academics
The campus infrastructure needs modernization.,Facilities
Admin office rarely responds to student queries on time.,Administration
Lecture halls are equipped but not used effectively.,Academics
Wi-Fi in the campus is very poor.,Facilities
The exam registration portal crashes frequently.,Administration
Professors are always late to class which affects the schedule.,Academics
The hostel food is not hygienic and repetitive.,Facilities
Admin office rarely responds to student queries on time.,Administration
Online classes are disorganized and poorly managed.,Academics
Labs are clean but lack updated equipment.,Facilities
There is no communication about fees deadlines.,Administration
The syllabus is outdated and needs revision.,Academics
There are not enough books in the library.,Facilities
There is no communication about fees deadlines.,Administration
Academic staff are supportive and available for doubt-solving.,Academics
Labs are clean but lack updated equipment.,Facilities
No proper information is given about holidays and schedules.,Administration
The lectures lack real-world examples and practical relevance.,Academics
The AC in the classrooms is often not working.,Facilities
Admin office rarely responds to student queries on time.,Administration
The exam paper was poorly set and out of syllabus.,Academics
The AC in the classrooms is often not working.,Facilities
Admin staff are uncooperative and rude.,Administration
Lecture halls are equipped but not used effectively.,Academics
The sports facilities are well maintained and accessible.,Facilities
Getting documents signed takes forever.,Administration
The lectures lack real-world examples and practical relevance.,Academics
Library hours are too limited for serious study.,Facilities
Getting documents signed takes forever.,Administration
Lectures are well structured and easy to understand.,Academics
The sports facilities are well maintained and accessible.,Facilities
Getting documents signed takes forever.,Administration
The syllabus is outdated and needs revision.,Academics
Library hours are too limited for serious study.,Facilities
There is no communication about fees deadlines.,Administration
Assignment load is high and affects conceptual clarity.,Academics
The canteen menu lacks healthy options.,Facilities
Administrative processes are very slow and outdated.,Administration
The exam paper was poorly set and out of syllabus.,Academics
The sports facilities are well maintained and accessible.,Facilities
There is no communication about fees deadlines.,Administration
Online classes are disorganized and poorly managed.,Academics
Library hours are too limited for serious study.,Facilities
There is no communication about fees deadlines.,Administration
The lectures lack real-world examples and practical relevance.,Academics
Wi-Fi in the campus is very poor.,Facilities
Admin office rarely responds to student queries on time.,Administration
Professors are always late to class which affects the schedule.,Academics
The campus infrastructure needs modernization.,Facilities
Administrative processes are very slow and outdated.,Administration
The lectures lack real-world examples and practical relevance.,Academics
The canteen menu lacks healthy options.,Facilities
Too much delay in issuing certificates.,Administration
Assignment load is high and affects conceptual clarity.,Academics
There are not enough books in the library.,Facilities
Getting documents signed takes forever.,Administration
Academic staff are supportive and available for doubt-solving.,Academics
The sports facilities are well maintained and accessible.,Facilities
There is no communication about fees deadlines.,Administration
The lectures lack real-world examples and practical relevance.,Academics
There are not enough books in the library.,Facilities
Grievance redressal system is ineffective.,Administration
Lectures are well structured and easy to understand.,Academics
The AC in the classrooms is often not working.,Facilities
Getting documents signed takes forever.,Administration
Lectures are well structured and easy to understand.,Academics
Washrooms are unclean and poorly maintained.,Facilities
Getting documents signed takes forever.,Administration
The teaching style is very interactive and engaging.,Academics
Labs are clean but lack updated equipment.,Facilities
Grievance redressal system is ineffective.,Administration
The lectures lack real-world examples and practical relevance.,Academics
The campus infrastructure needs modernization.,Facilities
The exam registration portal crashes frequently.,Administration
Lectures are well structured and easy to understand.,Academics
The campus infrastructure needs modernization.,Facilities
Admin office rarely responds to student queries on time.,Administration
Online classes are disorganized and poorly managed.,Academics
Washrooms are unclean and poorly maintained.,Facilities
Grievance redressal system is ineffective.,Administration
The exam paper was poorly set and out of syllabus.,Academics
The canteen menu lacks healthy options.,Facilities
Administrative processes are very slow and outdated.,Administration
The teaching style is very interactive and engaging.,Academics
The AC in the classrooms is often not working.,Facilities
Administrative processes are very slow and outdated.,Administration
The teaching style is very interactive and engaging.,Academics
There are not enough books in the library.,Facilities
Grievance redressal system is ineffective.,Administration
The teaching style is very interactive and engaging.,Academics
Washrooms are unclean and poorly maintained.,Facilities
There is no communication about fees deadlines.,Administration
The syllabus is outdated and needs revision.,Academics
Wi-Fi in the campus is very poor.,Facilities
The exam registration portal crashes frequently.,Administration
The lectures lack real-world examples and practical relevance.,Academics
There are not enough books in the library.,Facilities
The exam registration portal crashes frequently.,Administration
Assignment load is high and affects conceptual clarity.,Academics
The hostel food is not hygienic and repetitive.,Facilities
Admin office rarely responds to student queries on time.,Administration
Lectures are well structured and easy to understand.,Academics
Labs are clean but lack updated equipment.,Facilities
Too much delay in issuing certificates.,Administration
The teaching style is very interactive and engaging.,Academics
There are not enough books in the library.,Facilities
The exam registration portal crashes frequently.,Administration
Professors are always late to class which affects the schedule.,Academics
Wi-Fi in the campus is very poor.,Facilities
Admin staff are uncooperative and rude.,Administration
The teaching style is very interactive and engaging.,Academics
The hostel food is not hygienic and repetitive.,Facilities
There is no communication about fees deadlines.,Administration
The lectures lack real-world examples and practical relevance.,Academics
Washrooms are unclean and poorly maintained.,Facilities
The exam registration portal crashes frequently.,Administration
Academic staff are supportive and available for doubt-solving.,Academics
The sports facilities are well maintained and accessible.,Facilities
The exam registration portal crashes frequently.,Administration
The syllabus is outdated and needs revision.,Academics
Labs are clean but lack updated equipment.,Facilities
Administrative processes are very slow and outdated.,Administration
The teaching style is very interactive and engaging.,Academics
Labs are clean but lack updated equipment.,Facilities
There is no communication about fees deadlines.,Administration
Academic staff are supportive and available for doubt-solving.,Academics
Labs are clean but lack updated equipment.,Facilities
Grievance redressal system is ineffective.,Administration
The lectures lack real-world examples and practical relevance.,Academics
The hostel food is not hygienic and repetitive.,Facilities
The exam registration portal crashes frequently.,Administration
Lecture halls are equipped but not used effectively.,Academics
Wi-Fi in the campus is very poor.,Facilities
There is no communication about fees deadlines.,Administration
Lectures are well structured and easy to understand.,Academics
The hostel food is not hygienic and repetitive.,Facilities
Admin office rarely responds to student queries on time.,Administration
Professors are always late to class which affects the schedule.,Academics
The hostel food is not hygienic and repetitive.,Facilities
Grievance redressal system is ineffective.,Administration
The syllabus is outdated and needs revision.,Academics
The campus infrastructure needs modernization.,Facilities
There is no communication about fees deadlines.,Administration
The exam paper was poorly set and out of syllabus.,Academics
Library hours are too limited for serious study.,Facilities
No proper information is given about holidays and schedules.,Administration
Professors are always late to class which affects the schedule.,Academics
The canteen menu lacks healthy options.,Facilities
Getting documents signed takes forever.,Administration
The lectures lack real-world examples and practical relevance.,Academics
The hostel food is not hygienic and repetitive.,Facilities
Admin staff are uncooperative and rude.,Administration
Lecture halls are equipped but not used effectively.,Academics
Library hours are too limited for serious study.,Facilities
No proper information is given about holidays and schedules.,Administration
Lectures are well structured and easy to understand.,Academics
The canteen menu lacks healthy options.,Facilities
Getting documents signed takes forever.,Administration
Lectures are well structured and easy to understand.,Academics
Labs are clean but lack updated equipment.,Facilities
Too much delay in issuing certificates.,Administration
Lectures are well structured and easy to understand.,Academics
Labs are clean but lack updated equipment.,Facilities
Too much delay in issuing certificates.,Administration
The exam paper was poorly set and out of syllabus.,Academics
Washrooms are unclean and poorly maintained.,Facilities
Getting documents signed takes forever.,Administration
Lectures are well structured and easy to understand.,Academics
Library hours are too limited for serious study.,Facilities
The exam registration portal crashes frequently.,Administration
Academic staff are supportive and available for doubt-solving.,Academics
There are not enough books in the library.,Facilities
The exam registration portal crashes frequently.,Administration
The syllabus is outdated and needs revision.,Academics
Library hours are too limited for serious study.,Facilities
Too much delay in issuing certificates.,Administration
Lectures are well structured and easy to understand.,Academics
The sports facilities are well maintained and accessible.,Facilities
Administrative processes are very slow and outdated.,Administration
Lectures are well structured and easy to understand.,Academics
Library hours are too limited for serious study.,Facilities
Grievance redressal system is ineffective.,Administration
The lectures lack real-world examples and practical relevance.,Academics
The AC in the classrooms is often not working.,Facilities
Orientation for new students was poorly planned.,Administration
Assignment load is high and affects conceptual clarity.,Academics
The hostel food is not hygienic and repetitive.,Facilities
Admin staff are uncooperative and rude.,Administration
Lecture halls are equipped but not used effectively.,Academics
The campus infrastructure needs modernization.,Facilities
Administrative processes are very slow and outdated.,Administration
Academic staff are supportive and available for doubt-solving.,Academics
The AC in the classrooms is often not working.,Facilities
Orientation for new students was poorly planned.,Administration
The teaching style is very interactive and engaging.,Academics
There are not enough books in the library.,Facilities
There is no communication about fees deadlines.,Administration
Online classes are disorganized and poorly managed.,Academics
The sports facilities are well maintained and accessible.,Facilities
No proper information is given about holidays and schedules.,Administration
The syllabus is outdated and needs revision.,Academics
Washrooms are unclean and poorly maintained.,Facilities
Admin office rarely responds to student queries on time.,Administration
Online classes are disorganized and poorly managed.,Academics
The hostel food is not hygienic and repetitive.,Facilities
Too much delay in issuing certificates.,Administration
Lectures are well structured and easy to understand.,Academics
Library hours are too limited for serious study.,Facilities
There is no communication about fees deadlines.,Administration
Lectures are well structured and easy to understand.,Academics
Wi-Fi in the campus is very poor.,Facilities
Too much delay in issuing certificates.,Administration
Assignment load is high and affects conceptual clarity.,Academics
The sports facilities are well maintained and accessible.,Facilities
Admin staff are uncooperative and rude.,Administration
Assignment load is high and affects conceptual clarity.,Academics
Library hours are too limited for serious study.,Facilities
The exam registration portal crashes frequently.,Administration
The exam paper was poorly set and out of syllabus.,Academics
The AC in the classrooms is often not working.,Facilities
The exam registration portal crashes frequently.,Administration
Professors are always late to class which affects the schedule.,Academics
The sports facilities are well maintained and accessible.,Facilities
There is no communication about fees deadlines.,Administration
The lectures lack real-world examples and practical relevance.,Academics
The AC in the classrooms is often not working.,Facilities
Admin staff are uncooperative and rude.,Administration
Lecture halls are equipped but not used effectively.,Academics
The canteen menu lacks healthy options.,Facilities
Grievance redressal system is ineffective.,Administration
The teaching style is very interactive and engaging.,Academics
The campus infrastructure needs modernization.,Facilities
There is no communication about fees deadlines.,Administration
The lectures lack real-world examples and practical relevance.,Academics
The sports facilities are well maintained and accessible.,Facilities
There is no communication about fees deadlines.,Administration
Lecture halls are equipped but not used effectively.,Academics
Library hours are too limited for serious study.,Facilities
Grievance redressal system is ineffective.,Administration
The exam paper was poorly set and out of syllabus.,Academics
The sports facilities are well maintained and accessible.,Facilities
No proper information is given about holidays and schedules.,Administration
The syllabus is outdated and needs revision.,Academics
Labs are clean but lack updated equipment.,Facilities
Grievance redressal system is ineffective.,Administration
Assignment load is high and affects conceptual clarity.,Academics
Labs are clean but lack updated equipment.,Facilities
Admin staff are uncooperative and rude.,Administration
Academic staff are supportive and available for doubt-solving.,Academics
The hostel food is not hygienic and repetitive.,Facilities
Getting documents signed takes forever.,Administration
The teaching style is very interactive and engaging.,Academics
The hostel food is not hygienic and repetitive.,Facilities
There is no communication about fees deadlines.,Administration
Online classes are disorganized and poorly managed.,Academics
The hostel food is not hygienic and repetitive.,Facilities
Grievance redressal system is ineffective.,Administration
The exam paper was poorly set and out of syllabus.,Academics
Washrooms are unclean and poorly maintained.,Facilities
Getting documents signed takes forever.,Administration
The syllabus is outdated and needs revision.,Academics
The canteen menu lacks healthy options.,Facilities
Too much delay in issuing certificates.,Administration
Lectures are well structured and easy to understand.,Academics
There are not enough books in the library.,Facilities
The exam registration portal crashes frequently.,Administration
Lecture halls are equipped but not used effectively.,Academics
The campus infrastructure needs modernization.,Facilities
No proper information is given about holidays and schedules.,Administration
The syllabus is outdated and needs revision.,Academics
Library hours are too limited for serious study.,Facilities
Getting documents signed takes forever.,Administration
The syllabus is outdated and needs revision.,Academics
The campus infrastructure needs modernization.,Facilities
Orientation for new students was poorly planned.,Administration
Assignment load is high and affects conceptual clarity.,Academics
The sports facilities are well maintained and accessible.,Facilities
Administrative processes are very slow and outdated.,Administration
Professors are always late to class which affects the schedule.,Academics
The campus infrastructure needs modernization.,Facilities
There is no communication about fees deadlines.,Administration
The lectures lack real-world examples and practical relevance.,Academics
The campus infrastructure needs modernization.,Facilities
There is no communication about fees deadlines.,Administration
Professors are always late to class which affects the schedule.,Academics
The canteen menu lacks healthy options.,Facilities
Too much delay in issuing certificates.,Administration
Lecture halls are equipped but not used effectively.,Academics
The canteen menu lacks healthy options.,Facilities
Getting documents signed takes forever.,Administration
The syllabus is outdated and needs revision.,Academics
Library hours are too limited for serious study.,Facilities
Too much delay in issuing certificates.,Administration
The syllabus is outdated and needs revision.,Academics
The campus infrastructure needs modernization.,Facilities
Too much delay in issuing certificates.,Administration
Academic staff are supportive and available for doubt-solving.,Academics
There are not enough books in the library.,Facilities
Admin staff are uncooperative and rude.,Administration
The teaching style is very interactive and engaging.,Academics
The campus infrastructure needs modernization.,Facilities
There is no communication about fees deadlines.,Administration
The syllabus is outdated and needs revision.,Academics
The canteen menu lacks healthy options.,Facilities
Admin staff are uncooperative and rude.,Administration
The lectures lack real-world examples and practical relevance.,Academics
Washrooms are unclean and poorly maintained.,Facilities
Too much delay in issuing certificates.,Administration
Assignment load is high and affects conceptual clarity.,Academics
The canteen menu lacks healthy options.,Facilities
Administrative processes are very slow and outdated.,Administration
The lectures lack real-world examples and practical relevance.,Academics
There are not enough books in the library.,Facilities
No proper information is given about holidays and schedules.,Administration
The lectures lack real-world examples and practical relevance.,Academics
The sports facilities are well maintained and accessible.,Facilities
Orientation for new students was poorly planned.,Administration
The teaching style is very interactive and engaging.,Academics
Library hours are too limited for serious study.,Facilities
Grievance redressal system is ineffective.,Administration
Academic staff are supportive and available for doubt-solving.,Academics
Wi-Fi in the campus is very poor.,Facilities
Getting documents signed takes forever.,Administration
Professors are always late to class which affects the schedule.,Academics
The AC in the classrooms is often not working.,Facilities
There is no communication about fees deadlines.,Administration
Academic staff are supportive and available for doubt-solving.,Academics
Wi-Fi in the campus is very poor.,Facilities
Administrative processes are very slow and outdated.,Administration
Lecture halls are equipped but not used effectively.,Academics
The campus infrastructure needs modernization.,Facilities
Admin office rarely responds to student queries on time.,Administration
Lecture halls are equipped but not used effectively.,Academics
Labs are clean but lack updated equipment.,Facilities
Admin office rarely responds to student queries on time.,Administration
Lectures are well structured and easy to understand.,Academics
The canteen menu lacks healthy options.,Facilities
Admin staff are uncooperative and rude.,Administration
The lectures lack real-world examples and practical relevance.,Academics
The campus infrastructure needs modernization.,Facilities
No proper information is given about holidays and schedules.,Administration
The teaching style is very interactive and engaging.,Academics
Wi-Fi in the campus is very poor.,Facilities
Orientation for new students was poorly planned.,Administration
Online classes are disorganized and poorly managed.,Academics
Library hours are too limited for serious study.,Facilities
Administrative processes are very slow and outdated.,Administration
The exam paper was poorly set and out of syllabus.,Academics
Washrooms are unclean and poorly maintained.,Facilities
Getting documents signed takes forever.,Administration
Professors are always late to class which affects the schedule.,Academics
Wi-Fi in the campus is very poor.,Facilities
Getting documents signed takes forever.,Administration
The syllabus is outdated and needs revision.,Academics
The canteen menu lacks healthy options.,Facilities
Too much delay in issuing certificates.,Administration
Assignment load is high and affects conceptual clarity.,Academics
There are not enough books in the library.,Facilities
Orientation for new students was poorly planned.,Administration
The syllabus is outdated and needs revision.,Academics
Library hours are too limited for serious study.,Facilities
Administrative processes are very slow and outdated.,Administration
The teaching style is very interactive and engaging.,Academics
The sports facilities are well maintained and accessible.,Facilities
No proper information is given about holidays and schedules.,Administration
The teaching style is very interactive and engaging.,Academics
The sports facilities are well maintained and accessible.,Facilities
Too much delay in issuing certificates.,Administration
Lectures are well structured and easy to understand.,Academics
The campus infrastructure needs modernization.,Facilities
Orientation for new students was poorly planned.,Administration
Professors are always late to class which affects the schedule.,Academics
Washrooms are unclean and poorly maintained.,Facilities
The exam registration portal crashes frequently.,Administration
The teaching style is very interactive and engaging.,Academics
The hostel food is not hygienic and repetitive.,Facilities
Administrative processes are very slow and outdated.,Administration
The exam paper was poorly set and out of syllabus.,Academics
The hostel food is not hygienic and repetitive.,Facilities
No proper information is given about holidays and schedules.,Administration
The lectures lack real-world examples and practical relevance.,Academics
There are not enough books in the library.,Facilities
Grievance redressal system is ineffective.,Administration
The lectures lack real-world examples and practical relevance.,Academics
The canteen menu lacks healthy options.,Facilities
Administrative processes are very slow and outdated.,Administration
The exam paper was poorly set and out of syllabus.,Academics
There are not enough books in the library.,Facilities
No proper information is given about holidays and schedules.,Administration
Lectures are well structured and easy to understand.,Academics
The sports facilities are well maintained and accessible.,Facilities
Too much delay in issuing certificates.,Administration
Professors are always late to class which affects the schedule.,Academics
The canteen menu lacks healthy options.,Facilities
Getting documents signed takes forever.,Administration
The lectures lack real-world examples and practical relevance.,Academics
Wi-Fi in the campus is very poor.,Facilities
No proper information is given about holidays and schedules.,Administration
Professors are always late to class which affects the schedule.,Academics
Wi-Fi in the campus is very poor.,Facilities
Admin office rarely responds to student queries on time.,Administration
The lectures lack real-world examples and practical relevance.,Academics
The AC in the classrooms is often not working.,Facilities
Admin office rarely responds to student queries on time.,Administration
Professors are always late to class which affects the schedule.,Academics
The hostel food is not hygienic and repetitive.,Facilities
There is no communication about fees deadlines.,Administration
Academic staff are supportive and available for doubt-solving.,Academics
The AC in the classrooms is often not working.,Facilities
Admin staff are uncooperative and rude.,Administration
The lectures lack real-world examples and practical relevance.,Academics
Library hours are too limited for serious study.,Facilities
Admin office rarely responds to student queries on time.,Administration
Academic staff are supportive and available for doubt-solving.,Academics
Labs are clean but lack updated equipment.,Facilities
Too much delay in issuing certificates.,Administration
Lecture halls are equipped but not used effectively.,Academics
The campus infrastructure needs modernization.,Facilities
The exam registration portal crashes frequently.,Administration
The teaching style is very interactive and engaging.,Academics
There are not enough books in the library.,Facilities
No proper information is given about holidays and schedules.,Administration
Assignment load is high and affects conceptual clarity.,Academics
Wi-Fi in the campus is very poor.,Facilities
Admin office rarely responds to student queries on time.,Administration
Professors are always late to class which affects the schedule.,Academics
Labs are clean but lack updated equipment.,Facilities
No proper information is given about holidays and schedules.,Administration
Academic staff are supportive and available for doubt-solving.,Academics
Wi-Fi in the campus is very poor.,Facilities
Administrative processes are very slow and outdated.,Administration
The exam paper was poorly set and out of syllabus.,Academics
The canteen menu lacks healthy options.,Facilities
No proper information is given about holidays and schedules.,Administration
The syllabus is outdated and needs revision.,Academics
The campus infrastructure needs modernization.,Facilities
Orientation for new students was poorly planned.,Administration
The lectures lack real-world examples and practical relevance.,Academics
Washrooms are unclean and poorly maintained.,Facilities
Administrative processes are very slow and outdated.,Administration
The exam paper was poorly set and out of syllabus.,Academics
Washrooms are unclean and poorly maintained.,Facilities
Admin office rarely responds to student queries on time.,Administration
Academic staff are supportive and available for doubt-solving.,Academics
The sports facilities are well maintained and accessible.,Facilities
No proper information is given about holidays and schedules.,Administration
The teaching style is very interactive and engaging.,Academics
The hostel food is not hygienic and repetitive.,Facilities
Admin staff are uncooperative and rude.,Administration
Lectures are well structured and easy to understand.,Academics
The campus infrastructure needs modernization.,Facilities
The exam registration portal crashes frequently.,Administration
The exam paper was poorly set and out of syllabus.,Academics
The hostel food is not hygienic and repetitive.,Facilities
There is no communication about fees deadlines.,Administration
Professors are always late to class which affects the schedule.,Academics
The sports facilities are well maintained and accessible.,Facilities
Admin staff are uncooperative and rude.,Administration
The syllabus is outdated and needs revision.,Academics
The canteen menu lacks healthy options.,Facilities
Grievance redressal system is ineffective.,Administration
The teaching style is very interactive and engaging.,Academics
Library hours are too limited for serious study.,Facilities
Administrative processes are very slow and outdated.,Administration
The lectures lack real-world examples and practical relevance.,Academics
Wi-Fi in the campus is very poor.,Facilities
Grievance redressal system is ineffective.,Administration
Online classes are disorganized and poorly managed.,Academics
Labs are clean but lack updated equipment.,Facilities
The exam registration portal crashes frequently.,Administration
The exam paper was poorly set and out of syllabus.,Academics
The sports facilities are well maintained and accessible.,Facilities
Too much delay in issuing certificates.,Administration
The lectures lack real-world examples and practical relevance.,Academics
Labs are clean but lack updated equipment.,Facilities
Admin staff are uncooperative and rude.,Administration
Professors are always late to class which affects the schedule.,Academics
The hostel food is not hygienic and repetitive.,Facilities
There is no communication about fees deadlines.,Administration
Professors are always late to class which affects the schedule.,Academics
There are not enough books in the library.,Facilities
Admin office rarely responds to student queries on time.,Administration
The syllabus is outdated and needs revision.,Academics
Labs are clean but lack updated equipment.,Facilities
Admin staff are uncooperative and rude.,Administration
The exam paper was poorly set and out of syllabus.,Academics
There are not enough books in the library.,Facilities
Admin staff are uncooperative and rude.,Administration
Lectures are well structured and easy to understand.,Academics
The campus infrastructure needs modernization.,Facilities
Orientation for new students was poorly planned.,Administration
Professors are always late to class which affects the schedule.,Academics
Library hours are too limited for serious study.,Facilities
Too much delay in issuing certificates.,Administration
Academic staff are supportive and available for doubt-solving.,Academics
Washrooms are unclean and poorly maintained.,Facilities
The exam registration portal crashes frequently.,Administration
Online classes are disorganized and poorly managed.,Academics
Labs are clean but lack updated equipment.,Facilities
Getting documents signed takes forever.,Administration
Assignment load is high and affects conceptual clarity.,Academics
Labs are clean but lack updated equipment.,Facilities
Admin office rarely responds to student queries on time.,Administration
The exam paper was poorly set and out of syllabus.,Academics
The canteen menu lacks healthy options.,Facilities
Orientation for new students was poorly planned.,Administration
Academic staff are supportive and available for doubt-solving.,Academics
The campus infrastructure needs modernization.,Facilities
Too much delay in issuing certificates.,Administration
The teaching style is very interactive and engaging.,Academics
The canteen menu lacks healthy options.,Facilities
The exam registration portal crashes frequently.,Administration
Assignment load is high and affects conceptual clarity.,Academics
There are not enough books in the library.,Facilities
Orientation for new students was poorly planned.,Administration
The syllabus is outdated and needs revision.,Academics
Washrooms are unclean and poorly maintained.,Facilities
Too much delay in issuing certificates.,Administration
Assignment load is high and affects conceptual clarity.,Academics
Wi-Fi in the campus is very poor.,Facilities
Getting documents signed takes forever.,Administration
Assignment load is high and affects conceptual clarity.,Academics
Wi-Fi in the campus is very poor.,Facilities
Orientation for new students was poorly planned.,Administration
The exam paper was poorly set and out of syllabus.,Academics
The campus infrastructure needs modernization.,Facilities
Administrative processes are very slow and outdated.,Administration
The syllabus is outdated and needs revision.,Academics
The hostel food is not hygienic and repetitive.,Facilities
Too much delay in issuing certificates.,Administration
The exam paper was poorly set and out of syllabus.,Academics
The AC in the classrooms is often not working.,Facilities
Administrative processes are very slow and outdated.,Administration
Professors are always late to class which affects the schedule.,Academics
Labs are clean but lack updated equipment.,Facilities
Orientation for new students was poorly planned.,Administration
Assignment load is high and affects conceptual clarity.,Academics
There are not enough books in the library.,Facilities
Orientation for new students was poorly planned.,Administration
The lectures lack real-world examples and practical relevance.,Academics
There are not enough books in the library.,Facilities
Grievance redressal system is ineffective.,Administration
Lecture halls are equipped but not used effectively.,Academics
The AC in the classrooms is often not working.,Facilities
The exam registration portal crashes frequently.,Administration
The teaching style is very interactive and engaging.,Academics
Library hours are too limited for serious study.,Facilities
No proper information is given about holidays and schedules.,Administration
The lectures lack real-world examples and practical relevance.,Academics
Washrooms are unclean and poorly maintained.,Facilities
There is no communication about fees deadlines.,Administration
Lecture halls are equipped but not used effectively.,Academics
Labs are clean but lack updated equipment.,Facilities
There is no communication about fees deadlines.,Administration
Academic staff are supportive and available for doubt-solving.,Academics
The campus infrastructure needs modernization.,Facilities
Admin office rarely responds to student queries on time.,Administration
Assignment load is high and affects conceptual clarity.,Academics
Washrooms are unclean and poorly maintained.,Facilities
No proper information is given about holidays and schedules.,Administration
Online classes are disorganized and poorly managed.,Academics
The campus infrastructure needs modernization.,Facilities
No proper information is given about holidays and schedules.,Administration
Professors are always late to class which affects the schedule.,Academics
Washrooms are unclean and poorly maintained.,Facilities
Grievance redressal system is ineffective.,Administration
Professors are always late to class which affects the schedule.,Academics
There are not enough books in the library.,Facilities
There is no communication about fees deadlines.,Administration
Online classes are disorganized and poorly managed.,Academics
The campus infrastructure needs modernization.,Facilities
Too much delay in issuing certificates.,Administration
Academic staff are supportive and available for doubt-solving.,Academics
Washrooms are unclean and poorly maintained.,Facilities
Grievance redressal system is ineffective.,Administration
Academic staff are supportive and available for doubt-solving.,Academics
Washrooms are unclean and poorly maintained.,Facilities
Too much delay in issuing certificates.,Administration
Lectures are well structured and easy to understand.,Academics
The campus infrastructure needs modernization.,Facilities
No proper information is given about holidays and schedules.,Administration
Assignment load is high and affects conceptual clarity.,Academics
The AC in the classrooms is often not working.,Facilities
Orientation for new students was poorly planned.,Administration
The syllabus is outdated and needs revision.,Academics
There are not enough books in the library.,Facilities
There is no communication about fees deadlines.,Administration
Professors are always late to class which affects the schedule.,Academics
The AC in the classrooms is often not working.,Facilities
The exam registration portal crashes frequently.,Administration
The teaching style is very interactive and engaging.,Academics
The sports facilities are well maintained and accessible.,Facilities
The exam registration portal crashes frequently.,Administration
Assignment load is high and affects conceptual clarity.,Academics
The AC in the classrooms is often not working.,Facilities
Too much delay in issuing certificates.,Administration
Lecture halls are equipped but not used effectively.,Academics
Labs are clean but lack updated equipment.,Facilities
No proper information is given about holidays and schedules.,Administration
Lecture halls are equipped but not used effectively.,Academics
Wi-Fi in the campus is very poor.,Facilities
Too much delay in issuing certificates.,Administration
Academic staff are supportive and available for doubt-solving.,Academics
The campus infrastructure needs modernization.,Facilities
The exam registration portal crashes frequently.,Administration
Online classes are disorganized and poorly managed.,Academics
The campus infrastructure needs modernization.,Facilities
The exam registration portal crashes frequently.,Administration
Assignment load is high and affects conceptual clarity.,Academics
Washrooms are unclean and poorly maintained.,Facilities
Admin staff are uncooperative and rude.,Administration
The exam paper was poorly set and out of syllabus.,Academics
Library hours are too limited for serious study.,Facilities
Administrative processes are very slow and outdated.,Administration
The syllabus is outdated and needs revision.,Academics
The hostel food is not hygienic and repetitive.,Facilities
Too much delay in issuing certificates.,Administration
Academic staff are supportive and available for doubt-solving.,Academics
The AC in the classrooms is often not working.,Facilities
Grievance redressal system is ineffective.,Administration
The syllabus is outdated and needs revision.,Academics
The campus infrastructure needs modernization.,Facilities
Too much delay in issuing certificates.,Administration
The syllabus is outdated and needs revision.,Academics
The hostel food is not hygienic and repetitive.,Facilities
Grievance redressal system is ineffective.,Administration
The lectures lack real-world examples and practical relevance.,Academics
The canteen menu lacks healthy options.,Facilities
No proper information is given about holidays and schedules.,Administration
Professors are always late to class which affects the schedule.,Academics
The campus infrastructure needs modernization.,Facilities
No proper information is given about holidays and schedules.,Administration
Professors are always late to class which affects the schedule.,Academics
Labs are clean but lack updated equipment.,Facilities
The exam registration portal crashes frequently.,Administration
Professors are always late to class which affects the schedule.,Academics
The AC in the classrooms is often not working.,Facilities
The exam registration portal crashes frequently.,Administration
Assignment load is high and affects conceptual clarity.,Academics
The hostel food is not hygienic and repetitive.,Facilities
The exam registration portal crashes frequently.,Administration
Lectures are well structured and easy to understand.,Academics
The campus infrastructure needs modernization.,Facilities
Grievance redressal system is ineffective.,Administration
The teaching style is very interactive and engaging.,Academics
The canteen menu lacks healthy options.,Facilities
Orientation for new students was poorly planned.,Administration
Professors are always late to class which affects the schedule.,Academics
Wi-Fi in the campus is very poor.,Facilities
Too much delay in issuing certificates.,Administration
Lecture halls are equipped but not used effectively.,Academics
The AC in the classrooms is often not working.,Facilities
Administrative processes are very slow and outdated.,Administration
Academic staff are supportive and available for doubt-solving.,Academics
Library hours are too limited for serious study.,Facilities
Admin office rarely responds to student queries on time.,Administration
Lectures are well structured and easy to understand.,Academics
The campus infrastructure needs modernization.,Facilities
Admin office rarely responds to student queries on time.,Administration
Academic staff are supportive and available for doubt-solving.,Academics
The hostel food is not hygienic and repetitive.,Facilities
Getting documents signed takes forever.,Administration
Academic staff are supportive and available for doubt-solving.,Academics
Labs are clean but lack updated equipment.,Facilities
Admin office rarely responds to student queries on time.,Administration
Lecture halls are equipped but not used effectively.,Academics
Washrooms are unclean and poorly maintained.,Facilities
There is no communication about fees deadlines.,Administration
Assignment load is high and affects conceptual clarity.,Academics
Labs are clean but lack updated equipment.,Facilities
Getting documents signed takes forever.,Administration
The teaching style is very interactive and engaging.,Academics
Library hours are too limited for serious study.,Facilities
Admin office rarely responds to student queries on time.,Administration
The exam paper was poorly set and out of syllabus.,Academics
There are not enough books in the library.,Facilities
Administrative processes are very slow and outdated.,Administration
Lecture halls are equipped but not used effectively.,Academics
Library hours are too limited for serious study.,Facilities
Admin office rarely responds to student queries on time.,Administration
The teaching style is very interactive and engaging.,Academics
The hostel food is not hygienic and repetitive.,Facilities
Orientation for new students was poorly planned.,Administration
The exam paper was poorly set and out of syllabus.,Academics
The sports facilities are well maintained and accessible.,Facilities
There is no communication about fees deadlines.,Administration
Professors are always late to class which affects the schedule.,Academics
The sports facilities are well maintained and accessible.,Facilities
Grievance redressal system is ineffective.,Administration
Professors are always late to class which affects the schedule.,Academics
Washrooms are unclean and poorly maintained.,Facilities
Grievance redressal system is ineffective.,Administration
Academic staff are supportive and available for doubt-solving.,Academics
The sports facilities are well maintained and accessible.,Facilities
There is no communication about fees deadlines.,Administration
Lectures are well structured and easy to understand.,Academics
There are not enough books in the library.,Facilities
Administrative processes are very slow and outdated.,Administration
Assignment load is high and affects conceptual clarity.,Academics
Washrooms are unclean and poorly maintained.,Facilities
Orientation for new students was poorly planned.,Administration
Academic staff are supportive and available for doubt-solving.,Academics
Wi-Fi in the campus is very poor.,Facilities
Admin staff are uncooperative and rude.,Administration
Academic staff are supportive and available for doubt-solving.,Academics
The campus infrastructure needs modernization.,Facilities
Orientation for new students was poorly planned.,Administration
The teaching style is very interactive and engaging.,Academics
The hostel food is not hygienic and repetitive.,Facilities
No proper information is given about holidays and schedules.,Administration
Lecture halls are equipped but not used effectively.,Academics
The sports facilities are well maintained and accessible.,Facilities
The exam registration portal crashes frequently.,Administration
Lectures are well structured and easy to understand.,Academics
The hostel food is not hygienic and repetitive.,Facilities
Admin office rarely responds to student queries on time.,Administration
The exam paper was poorly set and out of syllabus.,Academics
The sports facilities are well maintained and accessible.,Facilities
Getting documents signed takes forever.,Administration
Professors are always late to class which affects the schedule.,Academics
There are not enough books in the library.,Facilities
Grievance redressal system is ineffective.,Administration
Assignment load is high and affects conceptual clarity.,Academics
Washrooms are unclean and poorly maintained.,Facilities
Orientation for new students was poorly planned.,Administration
Online classes are disorganized and poorly managed.,Academics
Labs are clean but lack updated equipment.,Facilities
Grievance redressal system is ineffective.,Administration
Professors are always late to class which affects the schedule.,Academics
The hostel food is not hygienic and repetitive.,Facilities
Administrative processes are very slow and outdated.,Administration
Lecture halls are equipped but not used effectively.,Academics
The campus infrastructure needs modernization.,Facilities
No proper information is given about holidays and schedules.,Administration
Lectures are well structured and easy to understand.,Academics
The AC in the classrooms is often not working.,Facilities
Grievance redressal system is ineffective.,Administration
The exam paper was poorly set and out of syllabus.,Academics
The canteen menu lacks healthy options.,Facilities
Too much delay in issuing certificates.,Administration
Academic staff are supportive and available for doubt-solving.,Academics
The AC in the classrooms is often not working.,Facilities
Administrative processes are very slow and outdated.,Administration
The lectures lack real-world examples and practical relevance.,Academics
The campus infrastructure needs modernization.,Facilities
There is no communication about fees deadlines.,Administration
Lectures are well structured and easy to understand.,Academics
The hostel food is not hygienic and repetitive.,Facilities
Admin staff are uncooperative and rude.,Administration
Assignment load is high and affects conceptual clarity.,Academics
The canteen menu lacks healthy options.,Facilities
Admin staff are uncooperative and rude.,Administration
The teaching style is very interactive and engaging.,Academics
The canteen menu lacks healthy options.,Facilities
There is no communication about fees deadlines.,Administration
The syllabus is outdated and needs revision.,Academics
The canteen menu lacks healthy options.,Facilities
Too much delay in issuing certificates.,Administration
Online classes are disorganized and poorly managed.,Academics
There are not enough books in the library.,Facilities
Too much delay in issuing certificates.,Administration
The lectures lack real-world examples and practical relevance.,Academics
The campus infrastructure needs modernization.,Facilities
Admin staff are uncooperative and rude.,Administration
Assignment load is high and affects conceptual clarity.,Academics
Washrooms are unclean and poorly maintained.,Facilities
There is no communication about fees deadlines.,Administration
Lecture halls are equipped but not used effectively.,Academics
Library hours are too limited for serious study.,Facilities
Orientation for new students was poorly planned.,Administration
Academic staff are supportive and available for doubt-solving.,Academics
Library hours are too limited for serious study.,Facilities
Administrative processes are very slow and outdated.,Administration
Lecture halls are equipped but not used effectively.,Academics
The campus infrastructure needs modernization.,Facilities
Administrative processes are very slow and outdated.,Administration
Online classes are disorganized and poorly managed.,Academics
There are not enough books in the library.,Facilities
No proper information is given about holidays and schedules.,Administration
Lecture halls are equipped but not used effectively.,Academics
The canteen menu lacks healthy options.,Facilities
The exam registration portal crashes frequently.,Administration
The teaching style is very interactive and engaging.,Academics
Labs are clean but lack updated equipment.,Facilities
Too much delay in issuing certificates.,Administration
Professors are always late to class which affects the schedule.,Academics
Washrooms are unclean and poorly maintained.,Facilities
Admin office rarely responds to student queries on time.,Administration
The teaching style is very interactive and engaging.,Academics
Library hours are too limited for serious study.,Facilities
No proper information is given about holidays and schedules.,Administration
The syllabus is outdated and needs revision.,Academics
The canteen menu lacks healthy options.,Facilities
There is no communication about fees deadlines.,Administration
The syllabus is outdated and needs revision.,Academics
The sports facilities are well maintained and accessible.,Facilities
Too much delay in issuing certificates.,Administration
Professors are always late to class which affects the schedule.,Academics
Labs are clean but lack updated equipment.,Facilities
Admin office rarely responds to student queries on time.,Administration
Academic staff are supportive and available for doubt-solving.,Academics
Wi-Fi in the campus is very poor.,Facilities
Orientation for new students was poorly planned.,Administration
Online classes are disorganized and poorly managed.,Academics
Library hours are too limited for serious study.,Facilities
Orientation for new students was poorly planned.,Administration
The syllabus is outdated and needs revision.,Academics
There are not enough books in the library.,Facilities
No proper information is given about holidays and schedules.,Administration
The syllabus is outdated and needs revision.,Academics
Washrooms are unclean and poorly maintained.,Facilities
Admin staff are uncooperative and rude.,Administration
Professors are always late to class which affects the schedule.,Academics
Library hours are too limited for serious study.,Facilities
Grievance redressal system is ineffective.,Administration
The exam paper was poorly set and out of syllabus.,Academics
Washrooms are unclean and poorly maintained.,Facilities
Admin office rarely responds to student queries on time.,Administration
Lecture halls are equipped but not used effectively.,Academics
There are not enough books in the library.,Facilities
Orientation for new students was poorly planned.,Administration
The lectures lack real-world examples and practical relevance.,Academics
There are not enough books in the library.,Facilities
Too much delay in issuing certificates.,Administration
Online classes are disorganized and poorly managed.,Academics
Labs are clean but lack updated equipment.,Facilities
Admin staff are uncooperative and rude.,Administration
Lecture halls are equipped but not used effectively.,Academics
The canteen menu lacks healthy options.,Facilities
Getting documents signed takes forever.,Administration
The lectures lack real-world examples and practical relevance.,Academics
There are not enough books in the library.,Facilities
Admin office rarely responds to student queries on time.,Administration
Lectures are well structured and easy to understand.,Academics
The campus infrastructure needs modernization.,Facilities
Orientation for new students was poorly planned.,Administration
Lecture halls are equipped but not used effectively.,Academics
The hostel food is not hygienic and repetitive.,Facilities
No proper information is given about holidays and schedules.,Administration
The lectures lack real-world examples and practical relevance.,Academics
Library hours are too limited for serious study.,Facilities
Administrative processes are very slow and outdated.,Administration
Assignment load is high and affects conceptual clarity.,Academics
Washrooms are unclean and poorly maintained.,Facilities
Admin staff are uncooperative and rude.,Administration
Lecture halls are equipped but not used effectively.,Academics
The hostel food is not hygienic and repetitive.,Facilities
Too much delay in issuing certificates.,Administration
Academic staff are supportive and available for doubt-solving.,Academics
The hostel food is not hygienic and repetitive.,Facilities
Getting documents signed takes forever.,Administration
Academic staff are supportive and available for doubt-solving.,Academics
The campus infrastructure needs modernization.,Facilities
Grievance redressal system is ineffective.,Administration
Academic staff are supportive and available for doubt-solving.,Academics
The campus infrastructure needs modernization.,Facilities
The exam registration portal crashes frequently.,Administration
Lectures are well structured and easy to understand.,Academics
The sports facilities are well maintained and accessible.,Facilities
Administrative processes are very slow and outdated.,Administration
Lectures are well structured and easy to understand.,Academics
Library hours are too limited for serious study.,Facilities
Admin staff are uncooperative and rude.,Administration
The syllabus is outdated and needs revision.,Academics
The campus infrastructure needs modernization.,Facilities
Getting documents signed takes forever.,Administration
The lectures lack real-world examples and practical relevance.,Academics
Labs are clean but lack updated equipment.,Facilities
There is no communication about fees deadlines.,Administration
The exam paper was poorly set and out of syllabus.,Academics
Labs are clean but lack updated equipment.,Facilities
Administrative processes are very slow and outdated.,Administration
The exam paper was poorly set and out of syllabus.,Academics
The hostel food is not hygienic and repetitive.,Facilities
The exam registration portal crashes frequently.,Administration
Online classes are disorganized and poorly managed.,Academics
Wi-Fi in the campus is very poor.,Facilities
Too much delay in issuing certificates.,Administration
Assignment load is high and affects conceptual clarity.,Academics
The sports facilities are well maintained and accessible.,Facilities
The exam registration portal crashes frequently.,Administration
The exam paper was poorly set and out of syllabus.,Academics
Library hours are too limited for serious study.,Facilities
Orientation for new students was poorly planned.,Administration
Online classes are disorganized and poorly managed.,Academics
The campus infrastructure needs modernization.,Facilities
Admin staff are uncooperative and rude.,Administration
Professors are always late to class which affects the schedule.,Academics
The hostel food is not hygienic and repetitive.,Facilities
Grievance redressal system is ineffective.,Administration
Online classes are disorganized and poorly managed.,Academics
The sports facilities are well maintained and accessible.,Facilities
Getting documents signed takes forever.,Administration
Lecture halls are equipped but not used effectively.,Academics
Labs are clean but lack updated equipment.,Facilities
There is no communication about fees deadlines.,Administration
